2026-05-11 20:01:25,100.9,C:\Users\davib\Sistema-SDR-Inteligente-TCC\dados\brutos\2026-05-11\20h01m19s\chunk.wav,"23,9 e a 1,104,5. Rádio Senado. Em Brasília, pontualmente, 5 horas. Boa tarde você sintoniza a Rádio Senado. Eu sou Regina Vinhero e ficamos com programação e calde José Má Fernández, abrindo o bloco e o soncimento."
2026-05-11 20:02:16,100.9,C:\Users\davib\Sistema-SDR-Inteligente-TCC\dados\brutos\2026-05-11\20h01m51s\chunk.wav,A minha — C� da minha — Eu quero que você Ele morre... Eu posso... Eu me insieme... e umaistiência
2026-05-11 20:02:30,100.9,C:\Users\davib\Sistema-SDR-Inteligente-TCC\dados\brutos\2026-05-11\20h02m24s\chunk.wav,"Pepe chevambora Que está na hora Pepe chevambora Que está na hora Pepe chevambora Que está na hora Pepe chevambora Pepe chevambora Eee Olha que só vai ser em pepe, sorrindo Não para o somar Eu sei que você me apelhar Mas aqui assim, estamos olhando e falar Eu sou o seu homem Eu sou o seu homem"
2026-05-11 20:03:30,100.9,C:\Users\davib\Sistema-SDR-Inteligente-TCC\dados\brutos\2026-05-11\20h02m56s\chunk.wav,"E você me amulher mais, é um que não é sineninha Jorando, jorando e eu quero, meu mar mar Como você sabe muito bem que logo mais Tem que trabalhar, puxar no posto, mais chegar no transado Nem pensar nem faltar, oi, isso é novo gerencho Não há muito meu amigo, e depois que o mecopon Com pra de samba pedigo, não vai samba alhae Pra você, samba, tá você, samba, tá você, samba"
2026-05-11 20:03:37,100.9,C:\Users\davib\Sistema-SDR-Inteligente-TCC\dados\brutos\2026-05-11\20h03m29s\chunk.wav,"E aí, que está na hora? Bebete, bambora, bambora, bambora Bebete, bambora Olha que só vai se ter de haver Se eu rindo no paro, se eu vá Eu sei que você me piama Tá aqui no cinto Vai se eu olhar e falar Eu sou o seu homem E você me amulhar Eu sou o seu homem E você me amulhar E sair aqui no lanço de quem Tô lhe anusando, que não vou matar E sair aqui no lanço de quem"
2026-05-11 20:04:22,100.9,C:\Users\davib\Sistema-SDR-Inteligente-TCC\dados\brutos\2026-05-11\20h04m01s\chunk.wav,"A gente tem que trabalhar Pois a minha voz vai chegar na transada Nem pensar em faltar oíso Um novo genente Nem me lá, vim tu me la me ir E depois como é que eu falo No praio, tando a pírrica na voz Tava o peito, tava o peito, tava o peito Tava o peito, tava o peito Tava o peito, tava o peito Tava o peito, tava o peito Tava o peito, tava o peito Tava o peito, tava o peito"
2026-05-12 03:57:20,94.7,C:\Users\davib\Sistema-SDR-Inteligente-TCC\dados\brutos\2026-05-12\03h57m18s\chunk.wav,"For my heart I'm new here, I catch your light I've been blind, lady and breath It's dancing with me, cheater cheater There's nobody here It's just you and me, it's where I wanna be"
2026-05-12 03:58:00,94.7,C:\Users\davib\Sistema-SDR-Inteligente-TCC\dados\brutos\2026-05-12\03h57m50s\chunk.wav,Rah интересно Mas éuk por maisasy A cache還 não saiu do mariro dos heroms
2026-05-12 03:58:47,94.7,C:\Users\davib\Sistema-SDR-Inteligente-TCC\dados\brutos\2026-05-12\03h58m23s\chunk.wav,<|as|>ugues um kamp demise meu
2026-05-12 03:59:10,94.7,C:\Users\davib\Sistema-SDR-Inteligente-TCC\dados\brutos\2026-05-12\03h58m56s\chunk.wav,E com o meu cara bem sini Eu estou Satan ok G words Eu não sei o que quiser staircase
2026-05-12 19:47:22,98.1,C:/Users/davib/Sistema-SDR-Inteligente-TCC/dados/brutos\2026-05-12\19h47m07s\chunk.wav,"e o último quando o pión de vocês é a diariamente conteúdos e negros ficam disponíveis nos aplicativos de políquias do seu celular. Pra vocês se aprofundarem diferentes assuntos, seja em casa, no trabalho, no trânsito ou na academia, e você pode baixar para o que quando quiser. Nosso políquias, ovengue especialistas e combinados na política, economia, ciência, liberadora e artes, na saúde, na gestão de empresas ou no comportamento das pessoas. O olhar atento do jornalismo da CBN"
2026-05-12 19:48:01,98.1,C:/Users/davib/Sistema-SDR-Inteligente-TCC/dados/brutos\2026-05-12\19h47m44s\chunk.wav,"e o podcast quase não consome internet e você ainda fonde mais chalo de graça, quando se tiver conectado numa rede wi-fi. Entre você também na onda, o podcast CBN, o melhor da inovação no jornalismo e disponíveis na palma de sua mão. As principais notícias do dia no Brasil e do mundo, seu final de tarde com muita informação e reflexão, sempre como leveza e bom humor, débora fritas e para o linda morã, trazem o queô..."
2026-05-12 19:48:29,98.1,C:/Users/davib/Sistema-SDR-Inteligente-TCC/dados/brutos\2026-05-12\19h48m20s\chunk.wav,"e contam de ariamente com as análises de Dara Maralhans. Ponto final, de segundo assista na CBN. Aonde vamos as principais novidades sobre a educação cultura, comportamento do consumidor e tendências de consumo. Para onde vamos, as terças e quindas dentro do estúdio CBN mexiam ao Instituto de Aplicação e Aplicativo da CBN e nas plataformas de Policancel."
2026-05-12 19:48:57,98.1,C:/Users/davib/Sistema-SDR-Inteligente-TCC/dados/brutos\2026-05-12\19h48m52s\chunk.wav,"Os principais destaques do futebol e também o que acontece fora dos gramados estão no radar do jornalista Paulo no Vinícius Coelho. Prancheta do BBC, de segunda-assista em dois horários, de manhã no Jornal da CBN e no fim do dia no ponto final. Também disponível no site e no aplicativo da CBN, assim como nas principais plataformas e publicações."
2026-05-12 19:49:31,98.1,C:/Users/davib/Sistema-SDR-Inteligente-TCC/dados/brutos\2026-05-12\19h49m25s\chunk.wav,"do Brasil. Sala de música. Um juão Marcelo dos coli. Oi, João Marcelo, boa tarde. Boa tarde, Tatiana. Boa tarde, Nando. Boa tarde, o Vinte, que dia, hein? Que dia? O dia que a Polícia Federal bateu. O dia que a Polícia Federal bateu."
2026-05-12 19:50:04,98.1,C:/Users/davib/Sistema-SDR-Inteligente-TCC/dados/brutos\2026-05-12\19h49m57s\chunk.wav,"A gente na sua porta, João Marcelo Boscoli. E aí você pede para o policial. Posso ouvir uma música? Antes de você me levar? Se desce, você pode até colocar dentro da veniatura. Posso colocar aqui uma música? Ou a senha do Bluetooth. E aí você vai ver a viatura? Dentro da viatura é muito insolvente. É. Ah, na nossa narrativa fixional, vale o que a gente quiser, né? Qual seria a sua? Bom, na minha narrativa fixional, os guardas vão ouvir, essa, os agentes vão ouvir, essa música, e vão mudar de ideia. Descerradasilva, vamos lá."
2026-05-12 19:50:31,98.1,C:/Users/davib/Sistema-SDR-Inteligente-TCC/dados/brutos\2026-05-12\19h50m30s\chunk.wav,"Claro, óbvio."
2026-05-12 19:51:07,98.1,C:/Users/davib/Sistema-SDR-Inteligente-TCC/dados/brutos\2026-05-12\19h51m02s\chunk.wav,"Agora que o corpo comba, olha aí. Mas é o suduro, o pádio na hora que o corpo comba. Eu só sei que o malanto quando é venero, não entrega o urna, a hora do pau. Aceito, cassete, bocafeixada, tudo isso é defesa da sua moral. É aí que a gente vê. Maravilha, sem ver maravilha. Da vontade de ouvir até o fim. Sem vinte. Sem vinte. Então, muito bem, muito bem. Um vinte. Podemos? Podemos."
2026-05-12 19:51:41,98.1,C:/Users/davib/Sistema-SDR-Inteligente-TCC/dados/brutos\2026-05-12\19h51m34s\chunk.wav,"Leila ou da ir batista em mais alguns que não consegui pegar no seu do mundo. A mesma música. A mesma música é a Leila pelas senhores difíceis. Veio, eu já tive que sair de fininho. O que que você é prontor, ele? Eu ouleiro. Essa música me acompanhou, dizera. Olha amor. Eu tive um pesado dela agora. Ah, ótimo. Eu sou bem que tinha gente lá fora. Matendo no portão. Era o Japones da Tessão. Era dura. Numa muito escura viatura. Minha nossa santa criatura, tchânio."
2026-05-12 19:52:27,98.1,C:/Users/davib/Sistema-SDR-Inteligente-TCC/dados/brutos\2026-05-12\19h52m06s\chunk.wav,"Chamila chamila chamila chamila chamila chamila adrão Chamila adrão, acorda amor Não é mais pesadelo nada Tem gente já no vão descada Fazendo confusão Que a prisão São os homens Eu equiparado de pijama Pera, eu não gosto de a sala de chamila chamila chamila adrão Chamila adrão Adorei, a voz de bem confundível Mas, dependendo da época, tem um timbrezinho diferente Não tem João"
2026-05-12 19:52:41,98.1,C:/Users/davib/Sistema-SDR-Inteligente-TCC/dados/brutos\2026-05-12\19h52m39s\chunk.wav,"Não! Chema! O velho da Juventude! É, vai ficando diferente mesmo. Bora, vau! Vamos lá! Patrique, patrique! O que é música pra polícia federal chegar?"
2026-05-12 19:53:16,98.1,C:/Users/davib/Sistema-SDR-Inteligente-TCC/dados/brutos\2026-05-12\19h53m11s\chunk.wav,"Deixe precisar dar, com a procura e a procura Só com a tinta no jorado Quero assistir ao sol mais ser, Me eras avas dos ligos, Com os pastas nos cantar Eu quero mais ser, quer dizer, Deixe precisar dar, Com a procura e a procura"
2026-05-12 19:53:52,98.1,C:/Users/davib/Sistema-SDR-Inteligente-TCC/dados/brutos\2026-05-12\19h53m44s\chunk.wav,"é que o som é quadrado, não é? Tem que lembrar. É, o som vai nascer meio quadrado, é. Vai. Mais uma quinta. Agora veja. De todas, acho que é o que mais resolveri o problema, porque as duas primeiras estão fazendo alguma trouça, né? Essa aí é como óve, né? É um... Está desmitindo. É, entendeu? É, é, é, é. É, é, é. Fazer um apelo. Deixa-me ir, preciso andar. É, é, é, é, é. Fazer um apelo. Deixa-me ir, preciso andar."
2026-05-12 19:54:25,98.1,C:/Users/davib/Sistema-SDR-Inteligente-TCC/dados/brutos\2026-05-12\19h54m16s\chunk.wav,"não. Exatamente. De qualquer maneira o nosso querido cartô é muito como vento. Então, da estreia, eu tivesse escolhendo um agora, eu escolheria essa. Quem sabe? Estamos mais. A monesseria, o coração da Federal. Ah, os Japonês da Federal ficaria como. É, mas ele inclusive foi preso também. Talvez ele te abraçasse. Sim. Você não foi preso também? É, não. Uma estreita latente. Sim. Mas a gente já foi. Tá tudo bem, já. Um abraço pra não ser japonês. A gente se veja. Eu gosto muito de você."
2026-05-12 19:54:53,98.1,C:/Users/davib/Sistema-SDR-Inteligente-TCC/dados/brutos\2026-05-12\19h54m49s\chunk.wav,"A Lechandra Ilionados, dois mandários, essa mesma música de mão, me der, me der. Eu me der motivo pra ir embora. Essa mão não me apresenta dos meus advogados. De te perder, me der motivo, vai ser agora."
2026-05-12 19:55:40,98.1,C:/Users/davib/Sistema-SDR-Inteligente-TCC/dados/brutos\2026-05-12\19h55m21s\chunk.wav,"Ai, Tim, mais você soubesse que seu subrindo a fazer no Brasil. A barbo caso não faz ser mais de correr. Ai, gente. Temos que ser. Eu não sei de nada. Essa é boa, essa é muito boa também. É nessa hora que eu amei em chora, né? alla. Neste momento é unable. Sai."
2026-05-12 19:56:02,98.1,C:/Users/davib/Sistema-SDR-Inteligente-TCC/dados/brutos\2026-05-12\19h55m55s\chunk.wav,"É só um pouco de foda só. Pode acontecer também de você ser preso, não está entendendo o que está acontecendo, né? É só se eu estou local, é tipo... Só por não escondir nada. Está acontecendo. Nem medo nem calor nem fogo não vai dar mais traxorar, nem pra rir. Só por não arrumar o meu..."
2026-05-12 19:56:39,98.1,C:/Users/davib/Sistema-SDR-Inteligente-TCC/dados/brutos\2026-05-12\19h56m28s\chunk.wav,"O que é benado a mim prestes suas penas Já não sinto amor nem dor Já não sinto nada Seu corro game me deu coração Que esse já não bate nem a planha Por favor, uma emoção pequena Qualquer coisa, qualquer coisa que se cita Aaaah Pok Pok"
2026-05-12 19:57:09,98.1,C:/Users/davib/Sistema-SDR-Inteligente-TCC/dados/brutos\2026-05-12\19h57m01s\chunk.wav,"A gente deve ter ao município Ah, que grato de escolhas das nas sovintas hoje, hein? É. Caramba, olha... Que mais nativo hoje, João. Ainda ficou de toda essa tivesse que limpar minha barra, esse de preso. Eu colocaria o cartonão aí que comoove o pessoal, né? Tá bom. Vou te dar mais um, então assim, o ver fotógrafo, é de São Paulo. Você conhece. Não. Não conhece, João Marcelo. A possa levar da pelos federais."
2026-05-12 19:57:40,98.1,C:/Users/davib/Sistema-SDR-Inteligente-TCC/dados/brutos\2026-05-12\19h57m33s\chunk.wav,"Ah, muito bom, muito bom. A gente tem um abraço, vem a minha petita, do chegão. O contexto muda tudo, né? No exáculo que gosto, é poder marxar. Eu, o chamado Indo. É fuanos. Ele é o hora ainda, é poder voltar, quando que... Felizmente não há exrupção, no caso. E as enviais vem, a vida se refete nas..."
2026-05-12 19:58:11,98.1,C:/Users/davib/Sistema-SDR-Inteligente-TCC/dados/brutos\2026-05-12\19h58m05s\chunk.wav,"Tem gente que chega pra ficar Tem gente que vai pra nunca mais Tem gente que vem e quer voltar Teste gostei Que você adorou esse contexto Mudou música, mudou o contexto Mudou É uma maravilhosa Eu só queria achar Vía assim, chegar e partir São só dois lados da beijo A Juliano, Juliano, nossa DJ Também escolheu uma que..."
2026-05-12 19:58:39,98.1,C:/Users/davib/Sistema-SDR-Inteligente-TCC/dados/brutos\2026-05-12\19h58m37s\chunk.wav,"em relação com os deprimidos. Foi presta deprimido. Líndida! É um polícia, é muito boa!"
2026-05-12 19:59:22,98.1,C:/Users/davib/Sistema-SDR-Inteligente-TCC/dados/brutos\2026-05-12\19h59m08s\chunk.wav,"Quem é isso? Tive que ir! Quem não voltar? Polícia Fedela. Vamos embora. Volou, colô. Volou, colô. É indê-lo, hein? Eu achei que rendeu também. É uma serpavariada de músicas inclusive, né? Corti. A gente tem que ir. Vamos embora. Volou, colô. Volou, colô. É indê-lo, hein? Eu achei que rendeu também. É indê-lo. É indê-lo. É indê-lo. É indê-lo. É indê-lo. É indê-lo. É indê-lo. É indê-lo."
2026-05-12 19:59:54,98.1,C:/Users/davib/Sistema-SDR-Inteligente-TCC/dados/brutos\2026-05-12\19h59m40s\chunk.wav,"é isso. João com o seu cadacil. As nossas ouvintes com essa essa bela cartela variada e o nosso julho. Que sa fogando. Se afogando. Ô, pobrezinho. Tá bom. Obrigado mais uma vez. Adorei, João. A gente fez vários ouvintes felizes hoje. Viu? Como? A gente fez muitos ouvintes felizes hoje. Estamos tendo que repostas, retorno, sinal. Me diverti muito também, 32 mil até siècle."
2026-05-12 20:00:21,98.1,C:/Users/davib/Sistema-SDR-Inteligente-TCC/dados/brutos\2026-05-12\20h00m13s\chunk.wav,"Muito obrigado, obrigado, dando obrigado a você o 20. Espera, não precisa desse repertório. Nossa, eu já me... A monta playlist, todo dia, ônibus você. Deixe-me até o link. Tchau. Bora, não bora, bora, antes que bata um na porra. Produção do Estudio de Sabênia, danjana Inabarro. Os os trabalhos técnicos do Juliano Afogado, Fonseca. A apresentação Tatiana Paz Concelos. Ifer, Nando Andrade. Até amanhã, eu fico. Duas da tarde, gente. A gente espera você aqui."
2026-05-12 20:00:48,98.1,C:/Users/davib/Sistema-SDR-Inteligente-TCC/dados/brutos\2026-05-12\20h00m45s\chunk.wav,"até lá, mua. Estúdio CBN Redis CBN top 5 segundos."
2026-05-12 20:01:28,98.1,C:/Users/davib/Sistema-SDR-Inteligente-TCC/dados/brutos\2026-05-12\20h01m17s\chunk.wav,Onde seus óculos são feitos com tecnologia e carinho?
2026-05-12 20:01:55,98.1,C:/Users/davib/Sistema-SDR-Inteligente-TCC/dados/brutos\2026-05-12\20h01m49s\chunk.wav,"Acomissão de segurança pública da Câmara Provão Projeto, que autoriza o uso da FGTS para comprar armas de fogo. O documento foi aprovado em apenas 1 minuto e não foi debatido entre os parlamentares. A proposta segue agora para naves das comissões. Como tramita e regine conclusivo pelos colegiados, o projeto pode ir direto por senado, sem passar pelo plenário."
2026-05-12 20:02:33,98.1,C:/Users/davib/Sistema-SDR-Inteligente-TCC/dados/brutos\2026-05-12\20h02m22s\chunk.wav,e o caso não haja recurso. O têncio de autoria do deputado Marcos Polão do P.L. contou com a relatoria do deputado Paulo Bilinski também do P.L. A petrobras avaliou a aumentar em breve o preço da gasolina vendida às distribuioras mas quer evitar que o reajuste reduz a participação no mercado. De acordo com o presidente da estatal Magga da Chambriar a decisão está sendo tomada com atenção a concorrência com o risco do risco do deputado.
2026-05-12 20:03:06,98.1,C:/Users/davib/Sistema-SDR-Inteligente-TCC/dados/brutos\2026-05-12\20h02m54s\chunk.wav,"de Cranha de Sulca. No entanto, um ministro da Fazenda da Rio Dúriga afirmou que a estatal precisa reavaliar continuamente os preços de antes da auto do petróleo provocada pela guerra no Oriente Médio. Um homem acusado de furtar um pen drive com músicas inéditas e objetos da equipe de Beyoncé durante uma parada da Tournée em Atlanta no ano passado foi condenado a prisão. De acordo com o portal TMZ, ele se declarou culpado após inicialmente negar as acusações e recusar um domin transaction e não querem impartir o вышão."
2026-05-12 20:03:31,98.1,C:/Users/davib/Sistema-SDR-Inteligente-TCC/dados/brutos\2026-05-12\20h03m27s\chunk.wav,"e inicialmente o homem podia ser condenado até seis anos de prisão mas recebeu pena de dois anos e três meses em liberdade condicional. Ele também foi condenado a manter distância das vítimas e do local em que o crime aconteceu. Nourado de Brasília, cinco e dois. Tipo de ter CBN as principais notícias do dia a cada meio hora."
2026-05-12 20:04:07,98.1,C:/Users/davib/Sistema-SDR-Inteligente-TCC/dados/brutos\2026-05-12\20h03m59s\chunk.wav,Somente получить desejamento e p paste – um incorrectly financeiro.
2026-05-12 20:04:38,98.1,C:/Users/davib/Sistema-SDR-Inteligente-TCC/dados/brutos\2026-05-12\20h04m31s\chunk.wav,"A apresentação carolina morã e na dentro de a calado. Boa abatarde, seja muito bem-vindo, muito bem-vindo ao ponto final, se bem, que está começando agora. Vamos juntos até as 8 horas da noite, na década de acalado, que luz bonita, aí no seu rosto, minha amigo, abatarde. Boa abatarde. Boa abatarde. Boa abatarde. Boa abatarde. Boa abatarde. Boa abatarde. Boa abatarde. Boa abatarde. Boa abatarde. Boa abatarde. Boa abatarde."
2026-05-12 20:05:35,98.1,C:/Users/davib/Sistema-SDR-Inteligente-TCC/dados/brutos\2026-05-12\20h05m03s\chunk.wav,"de caralba tarde aos ouvintes, o frio não passou não, dá. Olha, meu tricosinho aqui, isso aqui é só de geladeira, eu fui lá fora, eu não sa... Estava fazendo 17 graus, não se enganem, só como são um Paulo, viu? Só engana trouxa, né? É verdade, tá quente, mas não tá. Aqui no Rio, eu tenho que fazer um salzinho, eu tava... deu uma aquecedinha no som, mas pra gente continua frito. Agora, cinco horas e quatro minutos, começando o ponto final, contando com a só audiência, é só participação, estamos de olho aqui no WhatsApp, no 11, 9, 9, 9, 11, 9, 9, 9, 8, 8, 1,"
2026-05-12 20:05:43,98.1,C:/Users/davib/Sistema-SDR-Inteligente-TCC/dados/brutos\2026-05-12\20h05m36s\chunk.wav,"e também já tá aberto lá na transmissão do YouTube pra você comentar, mandar sua mensagem no site da CBN e você também consegue mandar mensagem pelo Fali com Ancura pra mim pra Nadéia, todo de olho no e-mail, o carolina ponto morã, a roba CBN, ponto com o ponto BR, a gente socialize ao Roberto Caromorante, um demudo no final da seus contatos na Nadéia. Chamba, a gente lá no Instagram, a roba Nadéia é de acalado, reforçando o número do nosso WhatsApp, que pode mandar foto, audio, vídeo ou a sua mensagem de texto, 119, 911, 99, 8 de sedeção do ponto final, falando sobre a pós."
2026-05-12 20:06:39,98.1,C:/Users/davib/Sistema-SDR-Inteligente-TCC/dados/brutos\2026-05-12\20h06m08s\chunk.wav,"do ministro no Nismo Arque, como o presidente do Tribunal Superior Eleitoral, saposa a marca da Pra hoje. E a lista de convidados é bastante a clética nessa Manta Clásera, que vai ter climão botar de pra você. Muito boa tarde Carol e na Décia, olha, climão é um pouco difícil até porque ambos são bastante políticos, bastante diplomáticos, pelo menos, uma frente do outro e em frente a outras autoridades. Mas a posse de Nunes Marx e do samar bonitas."
2026-05-12 20:06:46,98.1,C:/Users/davib/Sistema-SDR-Inteligente-TCC/dados/brutos\2026-05-12\20h06m41s\chunk.wav,"e ser marcada aí pelos dois principais precandidatos à presidência da República, o presidente Lula e o Senador Sávio Bolsonaro vão se encontrar logo mais na sede do Tribunal Superior Eleitoral. Os dois confirmaram presença na pósse do responsável pela eleição do próximo presidente da República. E normalmente outros presidentes, né, as presidentes são convidados também, isso é um protocolo, algo protocolado pro próprio Tribunal. Segundo Aliados..."
2026-05-12 20:07:18,98.1,C:/Users/davib/Sistema-SDR-Inteligente-TCC/dados/brutos\2026-05-12\20h07m13s\chunk.wav,a população do que o Paulo incluiu a posse na genda oficial justamente para preciosiar o novo presidente do T.S. É o ministro Casso no Ennis Martes também passaram uma mensagem de que o partido não quer qualquer tipo de confito com uma corte. O senador Flávio Bolsonaro também confirmou presença lembrando aí que outros parlamentares ex-presidentes como de aí Bolsonaro Fernando Collock convidaram dos depêndingo a voo
2026-05-12 20:07:51,98.1,C:/Users/davib/Sistema-SDR-Inteligente-TCC/dados/brutos\2026-05-12\20h07m46s\chunk.wav,"do avaldo, o Supremo não devem estar presentes, lembrando que no Unis Martes subitui a ministra Carmen Lúcia, nessa solenidade, então Andrea Mendonça também assume como visse, lembrando que ambos foram indicados pelo ex-presidente Jair Bolsonaro e eles aqui em vão conduzir, portanto, esse pleito em outubro e todo o preparativo, novo presidente do TSE quer interferir um mínimo possível nessa disputa, ele inclusive já vem dando recados."
2026-05-12 20:08:23,98.1,C:/Users/davib/Sistema-SDR-Inteligente-TCC/dados/brutos\2026-05-12\20h08m18s\chunk.wav,"no NIS MARCES, que vai ter uma presidência bastante diferente de Alexandre de Morais, o ministro que é o presidente da Corte durante as eleições de 2022. Ele tem um perfil bem mais discreto, a gente pode dizer, também um perfil ali do que traz até esses diferentes e noovadores no julgamento pelo menos relativos ao Supremo Tribunal Federal. Então, portanto, essa é o protocolo, começa a partir das sete horas da noite, já estou..."
2026-05-12 20:09:15,98.1,C:/Users/davib/Sistema-SDR-Inteligente-TCC/dados/brutos\2026-05-12\20h08m50s\chunk.wav,que vem vindo pra lá é todo um processo de credenciamento também é de segurança reforçada afinal vai ter ali autoridades dos três poderes com certeza ministros é de vários tribunais também os três dentes da Câmara e do Senado devem comparecer e lembrando ainda que depois de esteem uma festa de homenagem ali que é oferecida pela Júfee que é a associação dos juízes e essa festa ela tem Jesus
2026-05-12 20:10:03,98.1,C:/Users/davib/Sistema-SDR-Inteligente-TCC/dados/brutos\2026-05-12\20h09m23s\chunk.wav,"feste한밤, ele utilitouTC, heliteil, desistir, Filho do curto lycrhuh, G a e vale a lembrar que no NIS Marques, além de presidente do TSE, também foi sortido o relator naquele processo de revisão criminal apresentado pela defesa do ex-presidente a iBou-Sonaro."
2026-05-12 20:10:34,98.1,C:/Users/davib/Sistema-SDR-Inteligente-TCC/dados/brutos\2026-05-12\20h10m29s\chunk.wav,"de algo vendo brasileiro afirmou por meio de uma nota que recebeu com surpresa a decisão da União Europeia de retirar o Brasil da lista de países autorizados a exportar produtos de origem animal destinados ao consumo humano para o bloco europeu. A medida aprovada nesta segunda-feira passa a valer em três de setembro deste ano. Apesar da decisão, o Brasil informou que as exportações seguem normalmente até a entrada em vigor da medida."
2026-05-12 20:11:07,98.1,C:/Users/davib/Sistema-SDR-Inteligente-TCC/dados/brutos\2026-05-12\20h11m02s\chunk.wav,O governo brasileiro afirmou ainda que vai adotar todas as medidas necessárias para revertir a decisão e garantir continuidade das vendas ao mercado europeu destino de exportações brasileiras do setor há cerca de 40 anos. O chefe da delegação do Brasil junto ao União Europeia já tem reunião agendada para amanhã com as autoridades sanitárias do bloco para buscar explicações sobre a decisão. Já a Associação Brasileira das Industrias e exportadores de carne na dédeia afirmou.
2026-05-12 20:11:40,98.1,C:/Users/davib/Sistema-SDR-Inteligente-TCC/dados/brutos\2026-05-12\20h11m34s\chunk.wav,"que o setor privado tem trabalhado em parceria com o Ministério da Agricultura e Pequária na elaboração de protocolos voltados ao atendimento das novas exigências europeias, além de manter diálogo técnico e colaboração com as autoridades competentes sobre o tema. Segundo a associação, a carne bovina brasileira atende aos equisitos sanitários e regulatórios dos principais mercados internacionais, com rígidos controles oficiais, sistemas de"
2026-05-12 20:12:11,98.1,C:/Users/davib/Sistema-SDR-Inteligente-TCC/dados/brutos\2026-05-12\20h12m06s\chunk.wav,"e conhecidos globalmente, atualmente, o Brasil exporta para mais de 170 países sustentado por um dos sistemas de inspeção e defesa europeuquária mais robustos do mundo. Em 2025 as exportações brasileiras de carne bovina para a União Europeia somaram mais de 128 mil toneladas com receita de mais de um bilhão de dólares. O ranking dos ex-invaluados, a União Europeia, ocupa a terceira posição no..."
2026-05-12 20:12:45,98.1,C:/Users/davib/Sistema-SDR-Inteligente-TCC/dados/brutos\2026-05-12\20h12m39s\chunk.wav,"e a quarta em volume, respondendo por cinco vírgula oito por cento da receita total das esportações brasileiras de carne bovina e três vírgula seis por cento do volume embarcado no período na Dédia. Muito obrigada, Ana Carolina Tomé com essas informações em Brasília. Pode ser um baque na Dédia, claro que a gente tem tempo aí para se adequar ainda até setembro, né? Mas o N europeia é o segundo maior mercado das carnes brasileiras atrás apenas da China, então claro que o brasileiro reage aí com..."
2026-05-12 20:13:17,98.1,C:/Users/davib/Sistema-SDR-Inteligente-TCC/dados/brutos\2026-05-12\20h13m11s\chunk.wav,"e a preocupação essa decisão. A gente segue em Brasília agora para falar sobre escala seis por um expectativa presença do ministro Dario Durigan na Comissão Especial que está discutindo esse tema, a Arissa Lopes está por lá e a Arissa Bata-Arde. Oi, Sara Algo, boa tarde para você, panadéia de todos. Olha o ministro da Falada da Irmã Durigan, ele acabou de chegar aqui na Comissão Especial da Câmara do Deputado e trata sobre um fim da escala seis por um. A gente vai falar sobre as séculos e conosco."
2026-05-12 20:14:17,98.1,C:/Users/davib/Sistema-SDR-Inteligente-TCC/dados/brutos\2026-05-12\20h13m44s\chunk.wav,miejsce ganta e fica exigindo que podemos citar de forma coinéria que assim para este outcome musical ela görd awareness dessa maneira você vai dizer Aprê vídeo nouvellea só só чтобы que 후보 itu Джís sacrime com não tem arrρωada mais de um dia que kamu do suor com selada ia saberify lá para q e aская cor e na Praga traóqui e tesse
2026-05-12 20:14:22,98.1,C:/Users/davib/Sistema-SDR-Inteligente-TCC/dados/brutos\2026-05-12\20h14m16s\chunk.wav,"os autorizados e requerimentos, então, aligaram que a sobressão precisa conhecer diagnósticos e tudo e certiza sobre os imparques econômicos da revisão da jornada de trabalho e da reorganização da escala colaborais. Os deputados também afirmam que precisam de dados sobre aspectos e também partos ao ativéssia de revisão do uso do tempo, do trabalho na perspectiva instrucionado da"
2026-05-12 20:14:55,98.1,C:/Users/davib/Sistema-SDR-Inteligente-TCC/dados/brutos\2026-05-12\20h14m49s\chunk.wav,"e a gente vai te dar a comissão especial. Então hoje que eles pro da fazenda vai ser ouvido na semana fatada já teve o ministro do trabalho no mesmo marinho e em tivés também movimentos sociais vão falar que na comissão ao longo de quão de setões pra acé de a vinte e sete de maio votado na comunidade especial e depois partir para o planário ascendente é de aprovação. Carol. Acerto, obrigada, Larissa. Em 13 minutos vamos pronunciar o internas."
2026-05-12 20:15:27,98.1,C:/Users/davib/Sistema-SDR-Inteligente-TCC/dados/brutos\2026-05-12\20h15m21s\chunk.wav,"que está acompanhando a Instituição Paulo e a Ana Luisa Bessa, boa tarde. Na ideia de uma última tarde a você e os nossos ouvintes o presidente dos Estados Unidos do Não de Trump viajou na esta terça-feira a China onde vai se encontrar com o presidente Xíginpinge na manhã de quinta feira pelo horário local o que seria na noite de quarta-feira aqui no Brasil. O líder americano deve chegar a Pekín a manhã para a visita de Estado ao país que vai durar até o dia quinta e a feira."
2026-05-12 20:15:59,98.1,C:/Users/davib/Sistema-SDR-Inteligente-TCC/dados/brutos\2026-05-12\20h15m54s\chunk.wav,"Essa na dédias será a primeira viagem à China de Trump desde 2017. E o primeiro encontro entre Xi Jinping e Trump em seis meses. A última vez que eles conversaram foi na Coreia do Sul no ano passado. A reunião com presidente chinês deve gerar em torno de uma série de pautas complexas entre os dois países, como armas nucleares, inteligência artificial, terras haras e, principalmente, o comércio bilateral. A viagem de Trump e acontece..."
2026-05-13 01:23:53,100.9,C:\Users\davib\Sistema-SDR-Inteligente-TCC\dados\brutos\2026-05-13\01h23m45s\chunk.wav,"O caíme é um solar A vida não é uma molha, você é uma molha O caíme é um solar A vida não é uma molha, você é uma molha Você é uma molha, você é uma molha Rádio Senado, Aracaju, 103,9"
2026-05-13 01:24:23,100.9,C:\Users\davib\Sistema-SDR-Inteligente-TCC\dados\brutos\2026-05-13\01h24m19s\chunk.wav,"Finaça casa ninguém era sua boa educação Os dias que tem comida comemos comida com a mão E quando a polícia do hemçadista não sabe alguma discussão E separ onde um irmão é Sintimos que nunca acabava de caber a martorra com coração Mais não, choramos a toa"
2026-05-13 01:25:00,100.9,C:\Users\davib\Sistema-SDR-Inteligente-TCC\dados\brutos\2026-05-13\01h24m52s\chunk.wav,"Choramos atual Que nessa tribo ninguém quer a sua carteira deização Falamos a sua língua mas não entendemos a sua mão Nós vimos alto, bebemos e falamos para a plau Mas não soremos atual Não soremos atual Que nesse barco ninguém quer a sua orientação Não soremos atual"
2026-05-13 01:25:29,100.9,C:\Users\davib\Sistema-SDR-Inteligente-TCC\dados\brutos\2026-05-13\01h25m26s\chunk.wav,"A vida que vai aderir, vai a nossa condição Mas não seguimos a tua Não seguimos a tua Votos para o seu lado Votos para o seu lado Votos para o seu lado"
2026-05-13 01:26:02,100.9,C:\Users\davib\Sistema-SDR-Inteligente-TCC\dados\brutos\2026-05-13\01h25m59s\chunk.wav,Vão te falar o celular Vão te falar Vão te falar o celular Vão te falar Que nessa casa nem me quero a sua boa educação Os dias que tem comida com menos comida para a mão A polícia do insato está em sua alguma disposição
2026-05-13 01:26:49,100.9,C:\Users\davib\Sistema-SDR-Inteligente-TCC\dados\brutos\2026-05-13\01h26m33s\chunk.wav,"Não se separam de um irmão Se timos que nunca acabam de caber Mas todo no coé são Mas não, choramos atual Não, choramos atual Que nessa pribo ninguém quer Sua carta tem que desassar Falamos a sua língua Mas não entendemos seu sermão Nós, irmãos alto, bebemos E falamos parabão Mas não, só vimos atual"
2026-05-13 01:27:31,100.9,C:\Users\davib\Sistema-SDR-Inteligente-TCC\dados\brutos\2026-05-13\01h27m17s\chunk.wav,"Não, só que me voando, que nesse patinho que quero a sua criação A saudadeira é só, que me ali na nossa condição Mas não, não seguimos a tua Não, não seguimos a tua Não vou te parar ao seu lado Não vou te parar ao seu lado Não vou te parar ao seu lado Não, não..."
2026-05-13 01:27:54,100.9,C:\Users\davib\Sistema-SDR-Inteligente-TCC\dados\brutos\2026-05-13\01h27m51s\chunk.wav,"Faltz, fala Vim, fala, vim, fala Faltz, fala Faltz, fala, vim, fala Faltz, fala"
2026-05-13 01:28:44,100.9,C:\Users\davib\Sistema-SDR-Inteligente-TCC\dados\brutos\2026-05-13\01h28m24s\chunk.wav,onent. Essa filled animada
2026-05-13 01:29:04,100.9,C:\Users\davib\Sistema-SDR-Inteligente-TCC\dados\brutos\2026-05-13\01h28m58s\chunk.wav,"e volta para o celular. Pedro mais e a parede cai no sungue. A primeira foi manhã, não pedaço de picado. A Comissão de Mê-Obiente aprovou a criação da programa Rios Livres da Amazônia, que tem objetivo de promover a navigabilidade e a conservação de rios da região. A criação do programa Rios da Amazônia segue agora para votação na Câmara dos Deputados, mas detalhes com o reporter Marcio Maturana. Na Vigar, nos vios da Amazônia pode ficar menos complic..."
2026-05-13 01:29:37,100.9,C:\Users\davib\Sistema-SDR-Inteligente-TCC\dados\brutos\2026-05-13\01h29m31s\chunk.wav,"com o projeto aprovado pela Comissão de Meia O ambiente em turno suplementar. A criação do programa Rios Livres da Amazonia foi proposta pelo Senador Sejo Pt. Cão do PSD do Acre. Mas não temos estrada, que essas pessoas precisam, as têm até o direito de vi. Então, o objetivo do nosso projeto é exatamente isso. É que o governo municipal, o governo estadual, o governo federal possam da transfigabilidade a essas pessoas que moram às mar e do Rio. Pelo projeto, o programa vai compatibilizar o desenvolvimento sócio econômico da Amazonia."
2026-05-13 01:30:10,100.9,C:\Users\davib\Sistema-SDR-Inteligente-TCC\dados\brutos\2026-05-13\01h30m04s\chunk.wav,"legal com a preservação da qualidade dos recursos idricos, estimular a educação ambiental e reduzir os níveis de poluição e os danos ambientais. O texto final aprovado eliminou a figura do comiteigestor e é um sustitutivo do ex-senador Messeis de Jesus de Roraima. E o esse projeto é exatamente sobre isso e ele só não atiza mas mantém todo a concentração da navegação sobre o comitei que já existe nacionalmente apenas incluindo Amazonicos no meio que dentro desse comiteigestor."
2026-05-13 01:30:40,100.9,C:\Users\davib\Sistema-SDR-Inteligente-TCC\dados\brutos\2026-05-13\01h30m37s\chunk.wav,"tem de fato alguém que conheça sobre a realidade amazônica, isso. A criação do programa Rios Livres da Amazônia agora segue para a votação na Câmara dos Deputados. Em Brasília, 10 e meia. Põe-se agora, Cúrgulhinho!"
2026-05-13 01:31:14,100.9,C:\Users\davib\Sistema-SDR-Inteligente-TCC\dados\brutos\2026-05-13\01h31m10s\chunk.wav,"Mais um dia a besta, aqui no meu moco Quero fazer conta, vim grossar o carro do moco to Escare gaire direto, o corpo da cabeça Eu não desescontro lado, uns é nois e dá ligado Não deixe a cair, com o fac, que eu só quero te contar"
2026-05-13 01:31:53,100.9,C:\Users\davib\Sistema-SDR-Inteligente-TCC\dados\brutos\2026-05-13\01h31m43s\chunk.wav,"Com o pacto, o seu cedado, o compacto Um fino, um raro, o compacto Que eu só quero ouvir, então deixar carinho Com o pacto, ser carinho, um compacto Em electricidade, o compacto Se enchirará e crescer Um sumi seus pés Deixará até passear a vida Eu sei pra te bail"
2026-05-13 01:32:21,100.9,C:\Users\davib\Sistema-SDR-Inteligente-TCC\dados\brutos\2026-05-13\01h32m17s\chunk.wav,"Deixa caro e o barco Eu sou perdi, o barco Suo ser dado, o barco No meu pé, no meu lado Com o barco, no final Com o barco Eu só quero vir Com o barco, donde eu sacar ir Com o barco Eu sou perdi, com o barco No meu pé, no meu lado Com o barco Quer de eu sucedado Com o barco"
2026-05-13 01:33:26,100.9,C:\Users\davib\Sistema-SDR-Inteligente-TCC\dados\brutos\2026-05-13\01h32m50s\chunk.wav,que se poe Innena Devol creativityividaש ele Diayy Essa cena ро Des Porte ChungãoACS Que dança Oind
2026-05-13 01:33:37,100.9,C:\Users\davib\Sistema-SDR-Inteligente-TCC\dados\brutos\2026-05-13\01h33m23s\chunk.wav,"o início do monte e comece novamente vamos então escutar volta do chute, vamos melhores pra dan, preparado e já um, um, um, um, um, um, um, um, dois, um, dois, três, quatro volta do chute, que eu não quero me marro quando eu deixa pra ir volta do chute, que eu não quero me"
2026-05-13 01:34:15,100.9,C:\Users\davib\Sistema-SDR-Inteligente-TCC\dados\brutos\2026-05-13\01h33m56s\chunk.wav,E outrarução de tampa. Temam mais diversos boob 가자ções. Oi. Mas o parque deu até xácar.
2026-05-13 01:34:32,100.9,C:\Users\davib\Sistema-SDR-Inteligente-TCC\dados\brutos\2026-05-13\01h34m29s\chunk.wav,Preparei uma roda de sangue a sopa ela Mas ela não sombra e se problema dela Entreguei um pouquinho seguro só pra ela Mas ela não jogar e se problema dela E se problema dela
2026-05-13 01:35:06,100.9,C:\Users\davib\Sistema-SDR-Inteligente-TCC\dados\brutos\2026-05-13\01h35m02s\chunk.wav,"E cê problema dela, e cê problema dela Problema dela, tô cansado de andar por aí curtindo quem não é Precupado em pintar uma jogada aqui da pé Só que tem que eu tô numa tão certa que ninguém me diz Eu não sou o que bele fazer o que eu não vi"
2026-05-13 01:35:39,100.9,C:\Users\davib\Sistema-SDR-Inteligente-TCC\dados\brutos\2026-05-13\01h35m35s\chunk.wav,Separei em pedaço de bolos só pra ela Mas ela não provar E se é problema dela Inventei na semana do mundo E só pra ela Se ela for trabalhar E se é problema dela E se é problema dela E se é problema dela E se é problema dela
2026-05-13 01:36:17,100.9,C:\Users\davib\Sistema-SDR-Inteligente-TCC\dados\brutos\2026-05-13\01h36m08s\chunk.wav,"O problema dela, o problema dela Tô cansado de andar por aí, Portindo que não é Preputado em pintar na jogada aqui da pê Só que tenho que eu to numa tão certa que ninguém me diz Quem eu sou que devo fazer o que eu não fiz Pra entrei e roubforzia"
2026-05-13 01:36:45,100.9,C:\Users\davib\Sistema-SDR-Inteligente-TCC\dados\brutos\2026-05-13\01h36m41s\chunk.wav,Onde você andar é só pra ela Mas ela não usa Essa é problema dela A lubei uma roda gigante só Pra ela Mas ela não muda Essa é problema dela Essa é problema dela Essa é problema dela Problema dela Essa é problema dela
2026-05-13 01:37:16,100.9,C:\Users\davib\Sistema-SDR-Inteligente-TCC\dados\brutos\2026-05-13\01h37m14s\chunk.wav,"Rádio Senado, Belém, 101,5"
2026-05-13 01:37:56,100.9,C:\Users\davib\Sistema-SDR-Inteligente-TCC\dados\brutos\2026-05-13\01h37m47s\chunk.wav,"Na carcaça, quando se vê tudo isso passa Upa, na smoked arsupa"
2026-05-13 01:38:22,100.9,C:\Users\davib\Sistema-SDR-Inteligente-TCC\dados\brutos\2026-05-13\01h38m20s\chunk.wav,"Fortes, facas cascas Só me lembra a olhar Já manda Tu, que tu saia E na casa em tudo Que patas"
2026-05-13 01:38:57,100.9,C:\Users\davib\Sistema-SDR-Inteligente-TCC\dados\brutos\2026-05-13\01h38m53s\chunk.wav,LONGE O PERTU E derreter o futuro incerto Salve Santa Clara O abri é devaluar na mala E os livagagens E os livagagens E os livagagens E os livagagens
2026-05-13 01:39:56,100.9,C:\Users\davib\Sistema-SDR-Inteligente-TCC\dados\brutos\2026-05-13\01h39m26s\chunk.wav,"Aura, minha dernière manha Hurou de a luz bem negro Escusso Abra-te! saw"
2026-05-13 01:40:09,100.9,C:\Users\davib\Sistema-SDR-Inteligente-TCC\dados\brutos\2026-05-13\01h39m59s\chunk.wav,"Já misturada no meio da massa Gelo, desespero Esse moviu pra me dar um beijo Nada nem te leve Mas me contra tão breve Seco, mais um impária És um ant homepage do huminya"
2026-05-13 01:41:22,100.9,C:\Users\davib\Sistema-SDR-Inteligente-TCC\dados\brutos\2026-05-13\01h41m05s\chunk.wav,"Na rádio Senado ouvimos, Maurício Pereira,icked de café da Portugia. Tinha um par de fracos, a trusted유�ava mесто e sem olh DOMRA. Tova 1951 Na rádio Senado ouvimos o Maurício Pereira, maldito a roda viagem."
2026-05-13 01:41:43,100.9,C:\Users\davib\Sistema-SDR-Inteligente-TCC\dados\brutos\2026-05-13\01h41m38s\chunk.wav,"A Dóres Montaño é isso aí. A primeira foi com o Minha Compacto. A Dicevada. Agora em Brasília, 10 e 41. Já pensei por tantas vezes. Nesta semana no escala brasileira, a cantora e compositora Dora Sanchis. Desde um ponto na vinha lembro de como estar com todas as minhas próprias letras. Pra mim sempre me encantar muito."
2026-05-13 01:42:17,100.9,C:\Users\davib\Sistema-SDR-Inteligente-TCC\dados\brutos\2026-05-13\01h42m11s\chunk.wav,"A liberdade é a composição e a nossa experiência para quem encontra muito em equipe dora. Escalabrazeleira, quinta, vinte e três horas na RAID o Senado, reprisa no domingo de 19 horas e na terça três da madrugada. A licença paternidade vai ser ampliada, com a nova lei, o afastamento aumenta de cinco para até vinte dias de forma gradual. A nova legislação, garante estabilidade no emprego e criou salário paternidade. A licença também vale para mim, sal!"
2026-05-13 01:42:50,100.9,C:\Users\davib\Sistema-SDR-Inteligente-TCC\dados\brutos\2026-05-13\01h42m44s\chunk.wav,"e trabalhadores domésticos, um avanço na proteção da sua milha e na divisão mais justa do cuidado com os filhos. O Senado votou agora a Elei, uma campanha radio-senado. Projetos em destaque, as principais propostas em análise no Senado. Conheça os projetos que vão começar a ser debatidos as novas ideias e sugestões legislativas ao opinião dos autores e o caminho das propostas até a sua votação. Projetos em..."
2026-05-13 01:43:23,100.9,C:\Users\davib\Sistema-SDR-Inteligente-TCC\dados\brutos\2026-05-13\01h43m16s\chunk.wav,"destaques sexta-feira, às duas da tarde e sábado às oito da manhã do Pilarário de Brasília. Bom, é de você ouvir um contra de galco, tem Maria Betânia."
2026-05-13 01:43:53,100.9,C:\Users\davib\Sistema-SDR-Inteligente-TCC\dados\brutos\2026-05-13\01h43m50s\chunk.wav,"Quando eu fico muito triste, eu pego uma fotografia da minha mãe E aberto bem forte no meu peito Minhas mãos param de tremere, segurando uma fotografia"
2026-05-13 01:44:26,100.9,C:\Users\davib\Sistema-SDR-Inteligente-TCC\dados\brutos\2026-05-13\01h44m22s\chunk.wav,E meu coração bate mais forte Mas não é mais um humano que eu sinto Vem me transformo Por suído de alegria que volta a mim E todo esse recinto E que não tem
2026-05-13 01:45:18,100.9,C:\Users\davib\Sistema-SDR-Inteligente-TCC\dados\brutos\2026-05-13\01h44m56s\chunk.wav,explicação e eu choro de abriar ressando aos pés de nossa senhora a parecida em um encouraged bube para mim
2026-05-13 01:45:30,100.9,C:\Users\davib\Sistema-SDR-Inteligente-TCC\dados\brutos\2026-05-13\01h45m28s\chunk.wav,E sempre ela me dará vida Me ama em meu vida E sempre ela me dará vida
2026-05-13 01:46:04,100.9,C:\Users\davib\Sistema-SDR-Inteligente-TCC\dados\brutos\2026-05-13\01h46m01s\chunk.wav,"Mas não é mais, meu amor, que eu sinto Eu me trouxe vo..."
2026-05-13 01:46:37,100.9,C:\Users\davib\Sistema-SDR-Inteligente-TCC\dados\brutos\2026-05-13\01h46m34s\chunk.wav,"Posso ir do dia de criar, quem fade a mim, e todo esse recinto, que não fez percação E a gente é o chão Jabilia A gente é o chão"
2026-05-13 01:47:11,100.9,C:\Users\davib\Sistema-SDR-Inteligente-TCC\dados\brutos\2026-05-13\01h47m07s\chunk.wav,"A luz mais de nossa senhora, a mais cidadã Minha mãe me deu a vida E sem derê-la vida, a vida Minha mãe me deu a vida E sem derê-la vida, a vida"
2026-05-13 01:47:42,100.9,C:\Users\davib\Sistema-SDR-Inteligente-TCC\dados\brutos\2026-05-13\01h47m41s\chunk.wav,A vida!
2026-05-13 01:48:55,100.9,C:\Users\davib\Sistema-SDR-Inteligente-TCC\dados\brutos\2026-05-13\01h48m47s\chunk.wav,"Lá vai o clico, Lá vai a vida rodar Lá vai ser a tristeção Cidade no teatia Lá vai o trense de estilho Brutia, mô, vi, cora Crimil-nui"
2026-05-13 01:49:22,100.9,C:\Users\davib\Sistema-SDR-Inteligente-TCC\dados\brutos\2026-05-13\01h49m20s\chunk.wav,"E pela tela vai ter la seva, vai ter o mar Que também pela serra no mar O rei tem que as estrelas avuar, no mar"
2026-05-13 01:50:05,100.9,C:\Users\davib\Sistema-SDR-Inteligente-TCC\dados\brutos\2026-05-13\01h49m53s\chunk.wav,"Opa, vai o indo! Ava, é a vida! Opa, vai simrande de si! S Fifthack muito tard Muito tard� Opa, vai O 105! David, controlled Of reduced Um Um thoma de part надquimizh"
2026-05-13 01:50:30,100.9,C:\Users\davib\Sistema-SDR-Inteligente-TCC\dados\brutos\2026-05-13\01h50m26s\chunk.wav,"Sem destino, o dia 9 é montar Corrindo vai ver a terra, vai ver a sera, vai ver o mar Cantando pela sala, vai ver Corrindo entre as estrelas, vai ver"
2026-05-13 01:51:01,100.9,C:\Users\davib\Sistema-SDR-Inteligente-TCC\dados\brutos\2026-05-13\01h50m59s\chunk.wav,"Rádio Senado, boa vista, 98,3."
2026-05-13 01:51:38,100.9,C:\Users\davib\Sistema-SDR-Inteligente-TCC\dados\brutos\2026-05-13\01h51m32s\chunk.wav,"Não falo de pão que não me lembro de me agarrelhar em duro Pra que toda a pose doito pra que esse mundo A bruxa que segue esparra na gente e a vida distra-me O enfarte em pé do cú e acaba nessa manga A vayidade é assim, põe o bomo no alto e leite na escada A gente não perdo e espera no cem pão Mas ela não está de ele e estava no chão Mas ela não está de qualquer jeito no maior auto"
2026-05-13 01:52:32,100.9,C:\Users\davib\Sistema-SDR-Inteligente-TCC\dados\brutos\2026-05-13\01h52m05s\chunk.wav,Confinão. Convorei mar com a vida
2026-05-13 01:53:56,100.9,C:\Users\davib\Sistema-SDR-Inteligente-TCC\dados\brutos\2026-05-13\01h53m44s\chunk.wav,"Não dá regar em tudo, tá quem tá na pós-elotor Pra que esse ouro? A bruxa que acerta, espanha a gente a vida É isto, hein? O infarte pega do corpo e acaba nessa roupa A vayidade é assim, o poinho bomba no alto E a tira escala, mas fica por perto Espendo do seu fato, mas se com a cidade Ele acaba no chão, mas há um pouco Não é o tempo no corpo, não é o final Todo mundo é igual quando a gente na terina Não deve be hospitals"
2026-05-13 01:54:20,100.9,C:\Users\davib\Sistema-SDR-Inteligente-TCC\dados\brutos\2026-05-13\01h54m17s\chunk.wav,"Rádio Senado, Massa Ior, 105,5 Rádio Senado, Massa Ior, 105,5"
2026-05-13 01:54:57,100.9,C:\Users\davib\Sistema-SDR-Inteligente-TCC\dados\brutos\2026-05-13\01h54m51s\chunk.wav,"de tatu, ligue e separei, pois é boa, a paga pongo, a mo de saia, na co de perro, a mo de pouco, conto cú, e bom não te fombar, barriga tá igual, a onde que tem, e no balá, eu tenho também o som, bota, o ordem do som, eu não vi a lação, dezem de que vi, e no balá, eu vi o tambem, o pé gala, não tomo a la da gada do som, bota, um candor de feijão, não bota, paga e colasse, bota, que se..."
2026-05-13 01:55:43,100.9,C:\Users\davib\Sistema-SDR-Inteligente-TCC\dados\brutos\2026-05-13\01h55m24s\chunk.wav,Um namorado mexerão A água de bensé Linha de pásseis chímaram Barbalo é A vô de arraio Com voção e torna de tatu Vim o seu pai reposar pão A pã da cungul A vô de saia Na púde pire Lão de pão com o pão do E pão no de fupa Parigata é igual A honte de que tem E no balar Eu sei também o som do ar Tão voltando o som E não vi a relação A da pra lá2 tasty chefJeff de
2026-05-13 01:56:03,100.9,C:\Users\davib\Sistema-SDR-Inteligente-TCC\dados\brutos\2026-05-13\01h55m57s\chunk.wav,"O meu Deus também, o pega lá Não toma lá na cada samba Não dá o lute sem jão Bapapá em coleção Pão cabissiri, um namorado mexilhão A água de benzei, brinhando de paz e chrimoram Bapá no alô, amou de alô E convozão meia Para, para, para, para Para, para, para E se vamos ao lado de o meu Para, para, para, para Para, para, para, para Para, para, para, para"
2026-05-13 01:56:35,100.9,C:\Users\davib\Sistema-SDR-Inteligente-TCC\dados\brutos\2026-05-13\01h56m30s\chunk.wav,"Cânaca Fumé Fanda no casulete Sereno e pé No chão Palas que estão bombando E no café cá até tudo tem vai Pão, pão, pão Já era tiro lesão da rincha galeria A marim que veio vai dar voz a hoje em dia Há la pa, é só las, bora, cola, fala, fala, fala E lavei com a pelas que nem marquem de bombar o mal"
2026-05-13 01:57:09,100.9,C:\Users\davib\Sistema-SDR-Inteligente-TCC\dados\brutos\2026-05-13\01h57m03s\chunk.wav,"Lights in sarong, pondes londas, quingues, gombes Meu vida é o primeiro, é muita amanevada Fui o jazaco gata retofado, jogo de capra e tu ia ver a amada Quer não tonaris, na garada de juiz Aí, não é quem foda uma cajarrada E quem na valera, o jogo é patocida Feliz da Asminha Mala, mala, mala, mala, mala, tu é ele, não dá Não dá nem a contada em a donão É que não pado ler no desolado"
2026-05-13 01:57:42,100.9,C:\Users\davib\Sistema-SDR-Inteligente-TCC\dados\brutos\2026-05-13\01h57m36s\chunk.wav,"de só não para o louco tá que no padulo de sombra, pava, ver no digo só cantita do ele se pira e paga e bora apana e congura aputeçaya do nago de piro lavante, poupando tudo viponude, pumbamba, rinca, taver via uns que tem no talágio tem também só voção, voção, voção, voção, voção, voção de tiros que vi o viro talágio, viu, ta veio, pega lá no tomá la da cara"
2026-05-13 01:58:13,100.9,C:\Users\davib\Sistema-SDR-Inteligente-TCC\dados\brutos\2026-05-13\01h58m09s\chunk.wav,"TUSABA TUSABA TUSABA TUSABA TUSABA Esse foi João Bosco, Nando Passe, Badea Sade, a banca do Dixito. Boca livre, oitrizando, caipira e também ao coste mais..."
2026-05-13 01:58:46,100.9,C:\Users\davib\Sistema-SDR-Inteligente-TCC\dados\brutos\2026-05-13\01h58m42s\chunk.wav,"com a vida de tão mamãe. Essa é a Hattie Sondado. Agora em Brasília, 10 e 58. O capítulo rock desta semana são marcante dos americanos do The Black Rose, os clássicos do álbum Shaker Money Maker que é trajetória dos irmãos Robinson em destaque. Uma viagem pelo blues rock dos anos 90 com sucessos como Hattie Handle."
2026-05-13 01:59:20,100.9,C:\Users\davib\Sistema-SDR-Inteligente-TCC\dados\brutos\2026-05-13\01h59m14s\chunk.wav,"O Périca, Capitulóque de Black Cross, é neste sapo às 10 da noite no domingo a 3 da tarde, aqui na Rádio Senado. Os povos indígenas resistem a mais de 500 anos. Mesmo diante de desafios, seguem preservando sua cultura e sua identidade. Uma história marcada pela força e pela defesa de seus territórios e tradições. Resistência que ensina coragem. Resistência que inspira valorização."
2026-05-13 01:59:53,100.9,C:\Users\davib\Sistema-SDR-Inteligente-TCC\dados\brutos\2026-05-13\01h59m48s\chunk.wav,"Obos indígenas, respeito, reconhecimento e valorização, uma parceria, rádio senado e rádio câmera. Faça bonito! A puso sexual é o uso do corpo de crianças ou adolescentes para satisfação sexual de pessoas adultas ou mais velhas. Ele pode ocorrer com ou sem toque físico, com ou sem violência física e quase sempre é praticado por pessoas próximas à vítima. O abuso sexual acontece em todos os níveis sociais. Cadre o silêncio de..."
2026-05-13 02:00:27,100.9,C:\Users\davib\Sistema-SDR-Inteligente-TCC\dados\brutos\2026-05-13\02h00m21s\chunk.wav,"que sei, uma passaria da Rádio Câmara e Rádio Senado. Sabe aquela mensagem sobre o Senado que chegou no grupo da família? Antes de compartilhar, Verifique. O Senado Verifíter agora está no WhatsApp. Meia 1, 9,8190,0301. Envi o texto link, eu imagine que você recebeu. Nossa equipe confere e te disse, é verdade ou mentira. Evite cair em fake news. Na dúvida, fale com o Senado Verifíter pelo WhatsApp. Meia 1, 9,8190,0301."
2026-05-13 02:00:58,100.9,C:\Users\davib\Sistema-SDR-Inteligente-TCC\dados\brutos\2026-05-13\02h00m54s\chunk.wav,"em Brasília, pontuamente, 11 horas. Zyps 11, 487, Rádio Semado, Brasília, FN 91,7 Veda Rags. Cremam a Saio 105,5 em Manaus, 106,9 em Campo Grande, 105,5."
2026-05-13 02:01:31,100.9,C:\Users\davib\Sistema-SDR-Inteligente-TCC\dados\brutos\2026-05-13\02h01m27s\chunk.wav,"A partir de agora você fica com o Deral do Gular no Brasil Regional, um passeio pela música da nossa perra. E está começando mais um Brasil Regional, o Brasil nunca civil tão rio. Abrimos com a tradicional Melodia Festiva para marcar o início dessa edição comemorativa."
2026-05-13 02:02:04,100.9,C:\Users\davib\Sistema-SDR-Inteligente-TCC\dados\brutos\2026-05-13\02h02m00s\chunk.wav,"dos 25 anos. E neste programa especial vamos ouvir Renato Borgette, Elomar, Orquestra e Côro, Vox Brasileenses, Nem Mardias, Orquestra Sinfônica de Indiaia, Tuba, Milton Nascimento, Al Nussáter, Jorge Benjor, Renata Rosa e companhia sinfônica."
2026-05-13 02:02:35,100.9,C:\Users\davib\Sistema-SDR-Inteligente-TCC\dados\brutos\2026-05-13\02h02m33s\chunk.wav,Ouvimos para bem para você com a companhia simfônica e vamos
2026-05-13 02:03:11,100.9,C:\Users\davib\Sistema-SDR-Inteligente-TCC\dados\brutos\2026-05-13\02h03m06s\chunk.wav,"Revisitar o programa com a mensagem de um grande talento brasileiro. O ideal do Ambras para você, o Tolkien está falando, é uma satisfação falar com os ouvintes da ádio que só toca música brasileira de qualidade. Também quero dizer que estou feliz em participar do Brasil regional. No ar desde 2001, o programa abre espaço para novas canções populares e também para aquelas esquecidas no tempo que nos trazem muita saudade nos tal dia. Mas não é só isso, no Brasil regional, a música instrumenta."
2026-05-13 02:03:44,100.9,C:\Users\davib\Sistema-SDR-Inteligente-TCC\dados\brutos\2026-05-13\02h03m39s\chunk.wav,"tem vez, a MPB, tem seu espaço e onde as cantigas de folclore brasileiro são lembradas. Para bem ensarrado senado e a todos que fazem do Brasil regional um dos mais destacados programas de música brasileira. Como Tolkien disse, o Brasil regional está no ar desde 2001. Na nossa linha do tempo vamos relembrar a primeira música tocada na estreia do programa que foi a râcheirinha de Geraldo Flac com Renan."
2026-05-13 02:04:18,100.9,C:\Users\davib\Sistema-SDR-Inteligente-TCC\dados\brutos\2026-05-13\02h04m12s\chunk.wav,do Borgeseh!
2026-05-13 02:13:39,100.9,C:\Users\davib\Sistema-SDR-Inteligente-TCC\dados\brutos\2026-05-13\02h13m36s\chunk.wav,"Ouvimos 7 do Pontau com orquestra unicínio Zancheita e Renato Borgette na Gaeta ponto e Daniel Sa, no violão. Composição de..."
2026-05-13 02:14:14,100.9,C:\Users\davib\Sistema-SDR-Inteligente-TCC\dados\brutos\2026-05-13\02h14m09s\chunk.wav,"Borgette e Vécu Marques, que desde sempre acompanha o Brasil Regional por ser a característica do programa. Antes ouvimos, rancherinha de geral do FACC, com Renato Borgette. Agora, vamos visitar o Brasil profundo, quando as terras Tupiniquins despertavam a curiosidade dos europeus."
2026-05-13 02:14:45,100.9,C:\Users\davib\Sistema-SDR-Inteligente-TCC\dados\brutos\2026-05-13\02h14m42s\chunk.wav,"Vamos ouvir Lundu do Fouplório Popular com Orquestra e Coro Vox Brasileenses, canção recolhida por Karl Friedrich Filipp von Martius, pesquisador alemão que no tempo do Império veio estudar o Brasil."
2026-05-13 02:22:34,100.9,C:\Users\davib\Sistema-SDR-Inteligente-TCC\dados\brutos\2026-05-13\02h22m30s\chunk.wav,"Ouvimos depois da Serra com Orquestra Sinfônica de India atuba, música de Neymar Dias que toca viola de 10 cortas com Orquestra. Um bom exemplo do encontro entre o popular e erudito com a viola caipira atuando como sol..."
2026-05-13 02:23:07,100.9,C:\Users\davib\Sistema-SDR-Inteligente-TCC\dados\brutos\2026-05-13\02h23m03s\chunk.wav,Vamos desovirmos em um duro do Fouplório Popular para o Orquestra e Coro Vox Brasileenses. Você está com o Brasil regional. Essa é a Rádio Semarro. 11 e 22 em Brasília.
2026-05-13 02:23:41,100.9,C:\Users\davib\Sistema-SDR-Inteligente-TCC\dados\brutos\2026-05-13\02h23m36s\chunk.wav,"O Jazz do Brasil está em improviso com Flávio de Matos. Olá pessoal, aqui você houve melhor do Samba Jazz e ainda todas as misturas que enriquecem a música brasileira. Improviso, sexta-feira, 11 da noite, samba da 6 da tarde, segunda-feira, 3 da manhã em Pilarário de Brasília. Você sabe de onde vem a água que chega a sua casa?"
2026-05-13 02:24:15,100.9,C:\Users\davib\Sistema-SDR-Inteligente-TCC\dados\brutos\2026-05-13\02h24m09s\chunk.wav,"água tratada, ela ajuda a proteger a população. Paz água contra a nada pode transmitir doenças com diaireia e dia rdeia-se. Se houver dúvida sobre a qualidade, o ideal é filtrar ou ferver antes de beber. Garantir água limpa é proteger toda a família. A água segura essa hoje, uma parceria radio câmara e radio senado. Em 1957, o senado e a câmara aprovaram dois empítimos presentes."
2026-05-13 02:24:49,100.9,C:\Users\davib\Sistema-SDR-Inteligente-TCC\dados\brutos\2026-05-13\02h24m43s\chunk.wav,"com os abenciais, o de Café Filho e o de Carlos Luz, acusado de tramar contra a poste de Jusselênico do cheque. Primeiro, o Café Filho se licenciou para que lusa a sonha sinterinamente o governo e pudesse consumar o golpe. Mais diante da resistência da aula legalista das postas armadas veio o primeiro vítima. Em seguida, o Café Filho tentou voltar ao poder, mas não conseguiu e também foi recastado. Primeiro, o ramos, presidente do Senado, foi tempo e um mandado. Em 1910..."
2026-05-13 02:25:19,100.9,C:\Users\davib\Sistema-SDR-Inteligente-TCC\dados\brutos\2026-05-13\02h25m16s\chunk.wav,"56 transmitiu a presidência da República para JK. Arquivo é-se, o Senado na História do Brasil, uma parceria rádio, agência e arquivo do Senado. Continui com o Brasil regional."
2026-05-13 02:25:53,100.9,C:\Users\davib\Sistema-SDR-Inteligente-TCC\dados\brutos\2026-05-13\02h25m49s\chunk.wav,"Elamar é uma artista que conhece a alma do sertanejo e também é um dos inspiradores para a existência do programa Brasil Regional. O ponto de inflexão foi o álbum duplo, na quadrada das águas perdidas, gravado em 1978 e lançado em 1979."
2026-05-13 02:26:24,100.9,C:\Users\davib\Sistema-SDR-Inteligente-TCC\dados\brutos\2026-05-13\02h26m22s\chunk.wav,deste trabalho vamos ouvir a rumação com Elon Musk autor da canção.
2026-05-13 02:28:11,100.9,C:\Users\davib\Sistema-SDR-Inteligente-TCC\dados\brutos\2026-05-13\02h28m01s\chunk.wav,"Vai, vai de tua fôr Tu catulhar, pera o catador Tão o plantar, deixando o fôr Uma nova, sua sara não vai passar Ah não aku que não tá MARHe"
2026-05-13 02:29:11,100.9,C:\Users\davib\Sistema-SDR-Inteligente-TCC\dados\brutos\2026-05-13\02h29m08s\chunk.wav,"O cícans já subiram ver a rir É só cãs todo ano nunca vi Mas se isso já não aguenta a vice-guição Já são cá no veio, desse meu centro"
2026-05-13 02:29:45,100.9,C:\Users\davib\Sistema-SDR-Inteligente-TCC\dados\brutos\2026-05-13\02h29m41s\chunk.wav,A minha matrão O cúcadula Pera o cacado A mucatã Fês a mucatã O cúcadula Pera o cacado A mucatã Fês a mucatã O cúcadula Pera o cacado A mucatã
2026-05-13 02:31:38,100.9,C:\Users\davib\Sistema-SDR-Inteligente-TCC\dados\brutos\2026-05-13\02h31m20s\chunk.wav,"O Sora, que paliaram, Tata. O Sora, que paliaram, Tata. O Ié, Pani, Nengan, Nihana. O Ié, Pani, Nihana. O Ié, Pani, Nihana. Balacram, Balali, Kayo, Briganto. E Moreu, Sensintragal. Sora, que paliaram, Tata. O Ié, Pani, Nihana. O Ié, Pani, Nihana. O Ié, Pani, Nihana."
2026-05-13 02:32:29,100.9,C:\Users\davib\Sistema-SDR-Inteligente-TCC\dados\brutos\2026-05-13\02h32m27s\chunk.wav,"A minha fortina hoje, somdo rei o atraição Mas o risco voltou lá e lavou a honra do sertão E da tarde veio pra nos contar Quem da tarde veio pra nos contar"
2026-05-13 02:33:52,100.9,C:\Users\davib\Sistema-SDR-Inteligente-TCC\dados\brutos\2026-05-13\02h33m34s\chunk.wav,E o que falem de João Mamade? O reiro morerá a sasa e sua tropa da cidade E só a tomar dar o veborismo e só E valear dar a dor E vai matar o meu porristo e só E valear dar a dor Apenadar o meu porristo e só E valear dar a dor Apenadar o veborismo e só E valear dar a dor A minha continho hoje só morreu a traição Acho que eu coresco voltou lá e песla
2026-05-13 02:34:45,100.9,C:\Users\davib\Sistema-SDR-Inteligente-TCC\dados\brutos\2026-05-13\02h34m40s\chunk.wav,"Houvemos coris que dá dar com elio contrairas, autor que une música e história ao cantar a morte do cangaceiro corisco e o ferimento de sua companheira, a canção narra, a bravura do casal, em combate sem se entregar. Corisco e dá dar está no álbum Esturda Onça de 1991, antes ouvimos a arrumação de autoria e interpretação de Elon Musk."
2026-05-13 02:35:18,100.9,C:\Users\davib\Sistema-SDR-Inteligente-TCC\dados\brutos\2026-05-13\02h35m13s\chunk.wav,"Neste 25 anos mostramos que a música brasileira bebe em várias fontes e uma delas é o rock. Os Beatles, por exemplo, permearam a mente musical dos fans. Milton nascimento, a Oleyn de Compôr uma canção para o Leno e Marcarne, também interpretou Hello Good Bye, Já o Tôria."
2026-05-13 02:35:47,100.9,C:\Users\davib\Sistema-SDR-Inteligente-TCC\dados\brutos\2026-05-13\02h35m46s\chunk.wav,da dupla.
2026-05-13 02:36:53,100.9,C:\Users\davib\Sistema-SDR-Inteligente-TCC\dados\brutos\2026-05-13\02h36m19s\chunk.wav,Oh oh oh Oh oh oh Você disse Eu disse Não Você disse Eu disse Chua
2026-05-13 02:36:57,100.9,C:\Users\davib\Sistema-SDR-Inteligente-TCC\dados\brutos\2026-05-13\02h36m53s\chunk.wav,"Eu sei que é bom E eu sei Hello Hello Eu estou mal, eu sei que é bom Eu sei que é bom Hello Eu sei que é bom Eu sei que é bom Eu sei que é bom"
